Тип рака,Лучшая модель,CV RMSE,Test MAE,Test RMSE,Test R2
Рак молочной железы,Ridge Regression,0.052145870250688606,0.035437579937173856,0.04429023768258565,0.8541543687798085
Рак простаты,Ridge Regression,0.051937032161923434,0.04697573953313053,0.05671963389802575,0.8163974061987502
Рак кожи,Ridge Regression,0.05060392054791953,0.031248723046045854,0.04498526277304589,0.8630928333624326
Рак толстой кишки,Ridge Regression,0.05038162204329387,0.03854886547694103,0.04934870832937789,0.8010740971468974
Рак лёгкого,Ridge Regression,0.05378497918187456,0.0332245473919651,0.04304157831697535,0.8292066416285628
